City_ID,City,Country,Date,Lat,Lng,Max Temp,Humidity,Cloudiness,Wind Speed
0,Amahai,ID,2022-08-03 23:17:54,-3.3333,128.9167,77.79,83,100,2.13
1,Santa Lucia,ES,2022-08-03 23:17:54,27.9117,-15.5407,66.76,78,20,28.77
2,Butaritari,KI,2022-08-03 23:12:13,3.0707,172.7902,81.54,77,90,16.17
3,Mahebourg,MU,2022-08-03 23:16:34,-20.4081,57.7,68.29,77,40,9.22
4,Codrington,AU,2022-08-03 23:12:13,-38.2667,141.9667,51.66,82,12,18.16
5,Busselton,AU,2022-08-03 23:11:03,-33.65,115.3333,52.48,72,90,16.98
6,Ushuaia,AR,2022-08-03 23:12:15,-54.8,-68.3,37.06,87,40,3.44
7,Punta Arenas,CL,2022-08-03 23:12:25,-53.15,-70.9167,39.31,87,100,13.8
8,Kabare,CD,2022-08-03 23:17:55,-2.4683,28.8242,62.56,84,98,0.87
9,Puerto Castilla,HN,2022-08-03 23:17:56,16.0167,-85.9667,82.63,78,100,18.14
10,Praia Da Vitoria,PT,2022-08-03 23:17:56,38.7333,-27.0667,75.76,94,40,2.17
11,Berlevag,NO,2022-08-03 23:17:57,70.8578,29.0864,57.0,89,63,8.57
12,Lima,PE,2022-08-03 23:13:26,-12.0432,-77.0282,64.9,73,100,11.5
13,Thaba-Tseka,LS,2022-08-03 23:17:57,-29.522,28.6084,40.84,90,65,3.62
14,Rocha,UY,2022-08-03 23:16:37,-34.4833,-54.3333,54.97,98,100,3.4
15,Brae,GB,2022-08-03 23:17:58,60.3964,-1.353,51.64,80,57,13.29
16,Tigzirt,DZ,2022-08-03 23:17:58,36.8886,4.1198,77.88,62,20,8.59
17,New Norfolk,AU,2022-08-03 23:13:09,-42.7826,147.0587,54.91,84,40,5.53
18,Rikitea,PF,2022-08-03 23:12:04,-23.1203,-134.9692,71.64,69,36,15.5
19,Puerto Morazan,NI,2022-08-03 23:17:59,12.8504,-87.1717,86.77,54,100,6.8
20,Saldanha,ZA,2022-08-03 23:18:00,-33.0117,17.9442,51.85,74,85,7.0
21,Souillac,MU,2022-08-03 23:18:00,-20.5167,57.5167,68.38,77,40,9.22
22,Reporoa,NZ,2022-08-03 23:18:00,-38.4333,176.35,58.44,60,2,1.86
23,Kavieng,PG,2022-08-03 23:12:35,-2.5744,150.7967,82.51,78,93,17.92
24,Faanui,PF,2022-08-03 23:18:01,-16.4833,-151.75,78.67,75,11,22.53
25,Bluff,NZ,2022-08-03 23:12:16,-46.6,168.3333,50.34,68,100,20.58
26,Taoudenni,ML,2022-08-03 23:13:01,22.6783,-3.9836,91.29,39,22,27.92
27,Inhambane,MZ,2022-08-03 23:18:02,-23.865,35.3833,65.16,70,0,5.41
28,Enshi,CN,2022-08-03 23:18:02,30.3,109.4833,75.63,89,1,1.16
29,Matara,LK,2022-08-03 23:18:03,5.9485,80.5353,76.48,83,100,18.54
30,Ust-Kuyga,RU,2022-08-03 23:18:03,70.0167,135.6,46.36,73,100,3.71
31,Sao Filipe,CV,2022-08-03 23:18:03,14.8961,-24.4956,77.18,85,74,4.45
32,Hermanus,ZA,2022-08-03 23:18:04,-34.4187,19.2345,48.79,84,4,12.08
33,Atuona,PF,2022-08-03 23:12:11,-9.8,-139.0333,77.36,80,15,13.6
34,Mataura,NZ,2022-08-03 23:12:05,-46.1927,168.8643,46.65,72,100,5.14
35,Hobart,AU,2022-08-03 23:15:02,-42.8794,147.3294,55.26,73,20,9.22
36,Lodja,CD,2022-08-03 23:18:05,-3.4833,23.4333,73.65,62,45,1.74
37,Iqaluit,CA,2022-08-03 23:11:57,63.7506,-68.5145,49.69,71,23,8.99
38,Jamestown,US,2022-08-03 23:13:09,42.097,-79.2353,87.03,43,0,11.5
39,Lakes Entrance,AU,2022-08-03 23:18:05,-37.8811,147.981,63.84,62,19,9.48
40,Zhanaozen,KZ,2022-08-03 23:18:06,43.3,52.8,80.4,26,5,10.94
41,Vieques,PR,2022-08-03 23:18:06,18.425,-65.8329,84.24,83,20,8.05
42,Limni,GR,2022-08-03 23:18:07,38.7667,23.3167,78.62,58,0,4.88
43,Mar Del Plata,AR,2022-08-03 23:18:07,-38.0023,-57.5575,50.88,91,100,5.75
44,Tuatapere,NZ,2022-08-03 23:18:08,-46.1333,167.6833,50.22,79,98,10.18
45,Aksha,RU,2022-08-03 23:19:08,50.2814,113.2867,63.03,97,100,3.27
46,Mayo,US,2022-08-03 23:19:09,38.8876,-76.5119,91.51,62,0,8.05
47,Bokovskaya,RU,2022-08-03 23:19:09,49.229,41.8306,68.74,71,98,6.44
48,Avarua,CK,2022-08-03 23:13:02,-21.2078,-159.775,78.85,53,20,13.8
49,Port Alfred,ZA,2022-08-03 23:12:41,-33.5906,26.891,59.18,91,28,1.01
50,Cape Town,ZA,2022-08-03 23:10:07,-33.9258,18.4232,56.12,80,96,7.0
51,Saint George,US,2022-08-03 23:17:45,37.1041,-113.5841,102.63,24,0,5.99
52,Pustoshka,RU,2022-08-03 23:19:10,56.3355,29.369,58.14,84,19,1.48
53,Tasiilaq,GL,2022-08-03 23:19:10,65.6145,-37.6368,33.96,71,79,3.15
54,Kismayo,SO,2022-08-03 23:19:11,-0.3582,42.5454,75.15,81,21,17.47
55,Lebu,CL,2022-08-03 23:19:11,-37.6167,-73.65,48.36,88,53,5.5
56,Kapaa,US,2022-08-03 23:11:02,22.0752,-159.319,84.52,69,20,14.97
57,Komsomolskiy,UZ,2022-08-03 23:19:12,40.4272,71.7189,75.72,40,35,1.39
58,Norman Wells,CA,2022-08-03 23:19:12,65.282,-126.8329,64.44,63,75,12.66
59,Vao,NC,2022-08-03 23:19:13,-22.6667,167.4833,72.18,80,46,13.6
60,Yellowknife,CA,2022-08-03 23:13:00,62.456,-114.3525,60.35,48,85,3.94
61,Merauke,ID,2022-08-03 23:19:13,-8.4667,140.3333,79.3,84,26,13.62
62,Tuktoyaktuk,CA,2022-08-03 23:12:23,69.4541,-133.0374,47.53,80,95,5.99
63,Chuy,UY,2022-08-03 23:12:22,-33.6971,-53.4616,57.13,99,100,5.66
64,Kholbon,RU,2022-08-03 23:19:14,51.8833,116.25,62.67,98,100,7.67
65,Vaini,TO,2022-08-03 23:12:06,-21.2,-175.2,80.76,94,40,10.36
66,Edd,ER,2022-08-03 23:19:15,13.9297,41.6925,89.33,61,100,4.97
67,Narsaq,GL,2022-08-03 23:19:15,60.9167,-46.05,50.22,94,100,2.21
68,Saint-Philippe,RE,2022-08-03 23:12:18,-21.3585,55.7679,65.79,82,49,9.37
69,Port Elizabeth,ZA,2022-08-03 23:19:16,-33.918,25.5701,57.49,94,0,12.66
70,Havre-Saint-Pierre,CA,2022-08-03 23:19:16,50.2334,-63.5986,59.36,77,0,10.36
71,Nanortalik,GL,2022-08-03 23:19:16,60.1432,-45.2371,49.8,95,100,21.65
72,Westport,US,2022-08-03 23:19:17,41.1415,-73.3579,87.12,63,0,8.05
73,Hilo,US,2022-08-03 23:12:20,19.7297,-155.09,84.25,75,0,10.36
74,Cabo San Lucas,MX,2022-08-03 23:19:17,22.8909,-109.9124,95.61,43,0,3.44
75,Kaitangata,NZ,2022-08-03 23:12:16,-46.2817,169.8464,47.07,75,100,5.23
76,Hovd,MN,2022-08-03 23:19:18,48.0056,91.6419,65.25,46,99,1.86
77,Sitka,US,2022-08-03 23:17:54,57.0531,-135.33,62.49,72,100,3.44
78,Los Llanos De Aridane,ES,2022-08-03 23:19:19,28.6585,-17.9182,71.13,88,40,18.41
79,Bassila,BJ,2022-08-03 23:19:19,9.0081,1.6654,70.59,96,77,3.98
80,Honiara,SB,2022-08-03 23:19:20,-9.4333,159.95,86.13,63,5,7.29
81,Khatanga,RU,2022-08-03 23:12:11,71.9667,102.5,51.39,65,100,9.91
82,Georgetown,MY,2022-08-03 23:15:11,5.4112,100.3354,79.9,91,40,3.44
83,Chenzhou,CN,2022-08-03 23:19:20,25.8,113.0333,78.01,88,28,1.79
84,Fernan-Nunez,ES,2022-08-03 23:19:21,37.6884,-4.7247,84.33,44,0,7.11
85,Hasaki,JP,2022-08-03 23:19:21,35.7333,140.8333,75.29,85,100,13.18
86,Ilheus,BR,2022-08-03 23:14:40,-14.7889,-39.0494,68.63,81,0,5.55
87,Ribeira Grande,PT,2022-08-03 23:13:04,38.5167,-28.7,75.87,88,18,5.86
88,Ilulissat,GL,2022-08-03 23:19:22,69.2167,-51.1,50.02,62,100,2.3
89,Coihueco,CL,2022-08-03 23:18:05,-36.6167,-71.8333,36.34,93,0,5.75
90,Maku,IR,2022-08-03 23:19:23,39.2911,44.4521,72.64,48,5,1.79
91,Carnarvon,AU,2022-08-03 23:19:23,-24.8667,113.6333,64.67,55,98,16.15
92,Salalah,OM,2022-08-03 23:20:24,17.0151,54.0924,78.89,94,100,0.0
93,Avera,US,2022-08-03 23:20:24,33.194,-82.5271,78.55,92,85,8.93
94,Torbay,CA,2022-08-03 23:20:25,47.6666,-52.7314,71.58,86,75,19.57
95,Kahului,US,2022-08-03 23:16:31,20.8947,-156.47,86.02,54,40,23.02
96,Maltahohe,NA,2022-08-03 23:12:21,-24.8333,16.9833,51.93,51,0,5.61
97,Swan Hill,AU,2022-08-03 23:20:26,-35.3378,143.5544,57.38,70,71,5.59
98,Mount Isa,AU,2022-08-03 23:20:26,-20.7333,139.5,78.57,53,75,11.5
99,Nome,US,2022-08-03 23:20:26,64.5011,-165.4064,55.47,82,100,10.36
100,Chokurdakh,RU,2022-08-03 23:13:07,70.6333,147.9167,49.77,64,97,10.65
101,Pandan,PH,2022-08-03 23:20:27,14.0453,124.1694,79.84,87,100,1.36
102,Sainte-Suzanne,RE,2022-08-03 23:20:27,-20.9061,55.6089,68.18,83,40,8.05
103,Luwuk,ID,2022-08-03 23:20:28,-0.9516,122.7875,76.62,79,93,4.92
104,Geraldton,AU,2022-08-03 23:12:57,-28.7667,114.6,59.41,72,40,18.41
105,Araxa,BR,2022-08-03 23:15:31,-19.5933,-46.9406,73.36,40,0,9.22
106,Fortuna,US,2022-08-03 23:20:29,40.5982,-124.1573,73.92,72,20,12.66
107,Virginia Beach,US,2022-08-03 23:19:44,36.8529,-75.978,89.06,77,40,5.75
108,Sobolevo,RU,2022-08-03 23:20:29,54.4299,31.8996,63.48,92,91,0.16
109,Ormara,PK,2022-08-03 23:13:02,25.2088,64.6357,81.5,88,72,7.2
110,Cherskiy,RU,2022-08-03 23:20:30,68.75,161.3,50.45,71,100,8.52
111,Albany,US,2022-08-03 23:09:55,42.6001,-73.9662,87.64,49,4,3.18
112,Bolshoye Selo,RU,2022-08-03 23:20:31,57.7177,38.9334,62.46,80,91,2.59
113,Zyryanka,RU,2022-08-03 23:20:31,65.75,150.85,55.42,91,100,7.58
114,Kodinsk,RU,2022-08-03 23:20:32,58.6881,99.1844,51.73,86,64,3.8
115,Kodiak,US,2022-08-03 23:20:32,57.79,-152.4072,65.71,59,75,9.22
116,Adrar,MR,2022-08-03 23:20:32,20.5022,-10.0711,97.07,24,7,13.71
117,Pangoa,PE,2022-08-03 23:20:33,-12.1167,-73.0,70.66,91,69,2.04
118,Ostrovnoy,RU,2022-08-03 23:20:33,68.0531,39.5131,53.04,87,47,14.94
119,Jaru,BR,2022-08-03 23:20:34,-10.4389,-62.4664,85.41,40,74,4.03
120,Cayenne,GF,2022-08-03 23:13:03,4.9333,-52.3333,82.09,1,0,3.44
121,Blagoyevo,RU,2022-08-03 23:20:34,63.3667,47.9167,57.76,88,50,4.43
122,Luderitz,NA,2022-08-03 23:20:35,-26.6481,15.1594,53.92,94,2,11.25
123,Lata,PT,2022-08-03 23:20:35,40.1629,-8.3327,60.35,99,12,1.72
124,Coffs Harbour,AU,2022-08-03 23:20:35,-30.3,153.1333,67.96,68,20,10.36
125,Waingapu,ID,2022-08-03 23:20:36,-9.6567,120.2641,72.81,82,53,6.76
126,Te Anau,NZ,2022-08-03 23:20:36,-45.4167,167.7167,45.55,93,98,7.23
127,Qaanaaq,GL,2022-08-03 23:20:37,77.484,-69.3632,45.82,61,63,1.88
128,Margate,GB,2022-08-03 23:20:37,51.3813,1.3862,67.69,87,78,1.99
129,Dinguiraye,GN,2022-08-03 23:20:37,11.3,-10.7167,70.74,95,84,2.53
130,Roma,US,2022-08-03 23:20:38,43.2128,-75.4557,86.86,50,0,4.61
131,Tucuman,AR,2022-08-03 23:20:38,-26.8241,-65.2226,60.8,63,100,6.91
132,Lorengau,PG,2022-08-03 23:20:38,-2.0226,147.2712,81.61,82,90,12.03
133,Coihaique,CL,2022-08-03 23:18:06,-45.5752,-72.0662,39.15,81,75,6.91
134,Longyearbyen,SJ,2022-08-03 23:20:39,78.2186,15.6401,49.84,81,75,9.22
135,Port Hedland,AU,2022-08-03 23:12:23,-20.3167,118.5667,55.45,88,4,4.61
136,Cockburn Town,TC,2022-08-03 23:20:40,21.4612,-71.1419,82.17,76,7,18.86
137,Provideniya,RU,2022-08-03 23:21:40,64.3833,-173.3,44.71,100,75,13.42
138,Poronaysk,RU,2022-08-03 23:21:40,49.2167,143.1167,57.94,97,100,11.59
139,Lavrentiya,RU,2022-08-03 23:12:12,65.5833,-171.0,49.89,80,35,7.63
140,Gaomi,CN,2022-08-03 23:21:41,36.3833,119.7528,81.18,88,2,6.58
141,Slonim,BY,2022-08-03 23:21:41,53.0867,25.3219,60.31,92,2,4.14
142,Bukachacha,RU,2022-08-03 23:21:42,52.9833,116.9167,61.54,99,100,3.2
143,Tezu,IN,2022-08-03 23:19:14,27.9167,96.1667,75.49,93,96,3.44
144,Youkounkoun,GN,2022-08-03 23:21:42,12.5333,-13.1333,74.84,95,100,6.44
145,Bredasdorp,ZA,2022-08-03 23:21:43,-34.5322,20.0403,47.59,93,5,6.06
146,Meulaboh,ID,2022-08-03 23:21:43,4.1363,96.1285,73.94,90,100,3.83
147,Henties Bay,NA,2022-08-03 23:21:44,-22.116,14.2845,53.87,92,74,6.13
148,East London,ZA,2022-08-03 23:10:16,-33.0153,27.9116,69.26,50,66,5.41
149,Ambikapur,IN,2022-08-03 23:21:44,23.1167,83.2,76.87,87,100,4.03
150,Rockland,US,2022-08-03 23:21:45,41.1668,-74.0496,88.88,47,0,6.73
151,Comodoro Rivadavia,AR,2022-08-03 23:20:50,-45.8667,-67.5,44.46,61,0,4.61
152,Iskateley,RU,2022-08-03 23:21:45,67.6803,53.1512,54.48,86,94,15.03
153,San Isidro,PE,2022-08-03 23:21:46,-12.1167,-77.05,65.01,75,100,11.5
154,Aswan,EG,2022-08-03 23:21:46,24.0934,32.907,90.7,19,0,5.75
155,Sechura,PE,2022-08-03 23:21:47,-5.5569,-80.8222,69.75,66,55,18.28
156,Itarema,BR,2022-08-03 23:21:47,-2.9248,-39.9167,77.22,78,53,12.41
157,Wuan,CN,2022-08-03 23:21:47,31.6836,112.0044,82.51,80,4,2.55
158,Asau,RO,2022-08-03 23:21:48,46.4333,26.4,65.95,88,7,4.65
159,Alindao,CF,2022-08-03 23:21:48,5.0267,21.2088,69.4,96,58,1.88
160,Hithadhoo,MV,2022-08-03 23:12:26,-0.6,73.0833,80.76,74,97,18.25
161,Geelong,AU,2022-08-03 23:20:12,-38.1471,144.3607,53.47,78,75,5.75
162,Batagay-Alyta,RU,2022-08-03 23:17:51,67.8006,130.4114,41.31,91,100,4.32
163,Tikapur,NP,2022-08-03 23:21:49,28.5,81.1333,78.96,87,100,4.07
164,Bara,NG,2022-08-03 23:21:49,10.3744,10.7288,72.32,89,58,5.1
165,Havoysund,NO,2022-08-03 23:21:50,70.9963,24.6622,53.83,79,74,10.87
166,Nova Olimpia,BR,2022-08-03 23:21:50,-14.7972,-57.2881,82.36,23,32,4.79
167,Jalu,LY,2022-08-03 23:21:51,29.0331,21.5482,80.85,59,0,15.32
168,Salekhard,RU,2022-08-03 23:21:51,66.53,66.6019,57.81,65,8,5.66
169,Mariental,NA,2022-08-03 23:21:51,-24.6333,17.9667,53.33,68,0,5.79
170,Evansville,US,2022-08-03 23:17:48,37.9748,-87.5558,92.07,66,20,11.5
171,Puerto Escondido,MX,2022-08-03 23:21:52,15.85,-97.0667,85.03,61,75,8.05
172,Castro,BR,2022-08-03 23:12:24,-24.7911,-50.0119,60.22,69,3,4.34
173,Vila Velha,BR,2022-08-03 23:18:02,-20.3297,-40.2925,73.35,90,40,5.75
174,Victoria,HK,2022-08-03 23:21:04,22.2855,114.1577,83.32,85,100,10.0
175,Kabwe,ZM,2022-08-03 23:21:53,-14.4469,28.4464,56.98,73,0,5.53
176,Nikolskoye,RU,2022-08-03 23:21:53,59.7035,30.7861,62.49,84,42,3.29
177,Barrow,US,2022-08-03 23:21:54,71.2906,-156.7887,51.82,71,0,16.11
178,Touros,BR,2022-08-03 23:21:54,-5.1989,-35.4608,75.92,84,22,6.02
179,Lastoursville,GA,2022-08-03 23:21:54,-0.8143,12.7287,77.77,63,59,0.58
180,Zheleznodorozhnyy,RU,2022-08-03 23:20:28,55.7503,38.0042,68.61,60,100,5.41
181,Panama City,PA,2022-08-03 23:21:55,8.9936,-79.5197,80.55,86,75,4.61
182,Gasa,PS,2022-08-03 23:21:55,31.5,34.4667,78.64,79,6,3.38
183,Upernavik,GL,2022-08-03 23:21:56,72.7868,-56.1549,42.6,77,5,12.37
184,Udachnyy,RU,2022-08-03 23:21:56,66.4167,112.4,43.45,93,100,20.65
185,Pochutla,MX,2022-08-03 23:21:57,15.7432,-96.4661,87.62,69,90,3.11
186,Isangel,VU,2022-08-03 23:22:57,-19.55,169.2667,80.71,83,75,4.61
187,Santa Ana,US,2022-08-03 23:22:57,33.7456,-117.8678,99.86,52,40,13.8
188,Jumla,NP,2022-08-03 23:22:58,29.2747,82.1838,63.39,97,100,1.52
189,Tiksi,RU,2022-08-03 23:22:58,71.6872,128.8694,44.71,76,99,6.24
190,Bambari,CF,2022-08-03 23:22:59,5.768,20.6757,69.94,96,80,1.99
191,Pemangkat,ID,2022-08-03 23:22:59,1.1667,108.9667,77.45,84,67,2.68
192,Bethel,US,2022-08-03 23:22:59,41.3712,-73.414,87.37,58,0,3.67
193,Karlskrona,SE,2022-08-03 23:23:00,56.1616,15.5866,64.85,87,82,5.91
194,Acapulco,MX,2022-08-03 23:23:00,16.8634,-99.8901,87.62,66,40,3.44
195,Banes,CU,2022-08-03 23:23:01,20.9625,-75.7186,78.3,80,38,8.34
196,Ndjole,GA,2022-08-03 23:23:01,-0.1783,10.7649,73.15,83,27,4.65
197,Valenca,BR,2022-08-03 23:23:02,-13.3703,-39.0731,66.63,91,4,2.8
198,Morant Bay,JM,2022-08-03 23:23:02,17.8815,-76.4093,83.71,78,100,9.91
199,Boralday,KZ,2022-08-03 23:23:03,43.3578,76.8594,62.46,72,75,4.47
200,Marsh Harbour,BS,2022-08-03 23:23:03,26.5412,-77.0636,83.95,68,2,12.71
201,Makakilo City,US,2022-08-03 23:23:04,21.3469,-158.0858,83.95,54,40,16.11
202,Harper,LR,2022-08-03 23:22:00,4.375,-7.7169,74.77,82,100,10.63
203,Shieli,KZ,2022-08-03 23:23:04,44.1667,66.75,71.28,57,100,1.52
204,Almirante,PA,2022-08-03 23:23:05,9.3,-82.4,74.19,96,100,6.89
205,Malanje,AO,2022-08-03 23:23:05,-9.5402,16.341,69.01,52,79,4.23
206,Wattegama,LK,2022-08-03 23:23:06,6.7989,81.4808,76.68,73,100,14.38
207,Calvinia,ZA,2022-08-03 23:23:06,-31.4707,19.776,48.18,93,1,4.45
208,Bambous Virieux,MU,2022-08-03 23:23:07,-20.3428,57.7575,68.25,77,40,9.22
209,Lashio,MM,2022-08-03 23:23:07,22.9333,97.75,67.21,100,35,0.54
210,Manjacaze,MZ,2022-08-03 23:23:08,-24.7117,33.8828,57.79,83,0,5.93
211,Netarhat,IN,2022-08-03 23:23:08,23.4833,84.2667,69.84,91,100,2.8
212,Cairns,AU,2022-08-03 23:19:34,-16.9167,145.7667,77.07,83,75,10.36
213,Madang,PG,2022-08-03 23:23:09,-5.2246,145.7966,81.09,83,89,3.65
214,Oktyabrskiy,RU,2022-08-03 23:23:10,54.4815,53.471,64.51,78,66,3.38
215,Teixeira,BR,2022-08-03 23:23:10,-7.2228,-37.2542,68.77,86,86,7.38
216,Port Shepstone,ZA,2022-08-03 23:23:10,-30.7414,30.455,64.72,74,9,3.78
217,Aneho,TG,2022-08-03 23:23:11,6.2333,1.6,73.6,80,94,13.0
218,Izumo,JP,2022-08-03 23:23:11,35.3667,132.7667,85.95,79,75,17.27
219,Muros,ES,2022-08-03 23:20:35,42.7762,-9.0603,69.1,76,66,10.27
220,Goundam,ML,2022-08-03 23:23:12,16.4145,-3.6708,92.95,40,43,7.47
221,Sayyan,YE,2022-08-03 23:23:12,15.1718,44.3244,62.96,64,88,2.1
222,Jos,NG,2022-08-03 23:23:13,9.9167,8.9,62.22,95,62,5.3
223,Ponta Delgada,PT,2022-08-03 23:23:13,37.7333,-25.6667,74.12,94,40,6.91
224,Akyab,MM,2022-08-03 23:23:13,20.15,92.9,81.84,83,100,10.36
225,Verkhoyansk,RU,2022-08-03 23:20:40,67.5447,133.385,46.63,93,100,6.64
226,Bengkulu,ID,2022-08-03 23:24:14,-3.8004,102.2655,73.99,92,95,2.91
227,Diu,IN,2022-08-03 23:24:14,20.7141,70.9822,80.6,83,74,8.23
228,Tura,IN,2022-08-03 23:24:15,25.5198,90.2201,73.56,95,100,2.3
229,Belem De Sao Francisco,BR,2022-08-03 23:24:15,-8.7539,-38.9658,71.74,75,91,16.26
230,Ierapetra,GR,2022-08-03 23:24:16,35.01,25.7353,80.15,60,0,11.99
231,San Patricio,US,2022-08-03 23:21:11,28.017,-97.5169,95.72,48,38,21.3
232,Hailar,CN,2022-08-03 23:24:16,49.2,119.7,74.5,62,24,10.56
233,Samarai,PG,2022-08-03 23:24:17,-10.6167,150.6667,80.87,83,76,14.92
234,Saint-Pierre,RE,2022-08-03 23:24:17,-21.3393,55.4781,65.88,79,20,5.75
235,Sungaipenuh,ID,2022-08-03 23:24:18,-2.0833,101.3833,64.06,99,99,0.96
236,Bakel,SN,2022-08-03 23:24:18,14.905,-12.4568,85.46,67,100,8.43
237,Santa Clara,CU,2022-08-03 23:24:18,22.4,-79.9667,83.86,70,40,12.66
238,Safaga,EG,2022-08-03 23:24:19,26.7292,33.9365,91.17,35,5,12.59
239,Tilichiki,RU,2022-08-03 23:24:19,60.4667,166.1,58.05,68,56,10.94
240,Vestmannaeyjar,IS,2022-08-03 23:24:20,63.4427,-20.2734,47.55,76,67,25.59
241,Vila Franca Do Campo,PT,2022-08-03 23:24:20,37.7167,-25.4333,73.81,89,35,5.88
242,Pevek,RU,2022-08-03 23:24:20,69.7008,170.3133,34.92,98,100,10.85
243,Deputatskiy,RU,2022-08-03 23:24:21,69.3,139.9,41.04,87,100,3.8
244,Yar-Sale,RU,2022-08-03 23:24:21,66.8333,70.8333,57.6,68,52,8.9
245,Kibre Mengist,ET,2022-08-03 23:24:22,5.8833,38.9833,57.27,86,89,1.57
246,Sanming,CN,2022-08-03 23:24:22,26.2486,117.6186,77.31,92,8,2.33
247,Bonthe,SL,2022-08-03 23:24:22,7.5264,-12.505,75.83,88,98,7.65
248,Arraial Do Cabo,BR,2022-08-03 23:24:23,-22.9661,-42.0278,69.8,73,0,7.25
249,Namibe,AO,2022-08-03 23:24:23,-15.1961,12.1522,60.17,80,2,5.73
250,Palizada,MX,2022-08-03 23:24:24,18.25,-92.0833,94.33,39,6,6.78
251,Baykit,RU,2022-08-03 23:24:24,61.67,96.37,49.23,93,98,3.06
252,Ramanuj Ganj,IN,2022-08-03 23:24:25,23.8,83.7,78.04,82,100,3.51
253,Ulladulla,AU,2022-08-03 23:24:25,-35.35,150.4667,63.0,81,96,15.17
254,Kjollefjord,NO,2022-08-03 23:24:25,70.9457,27.3465,53.65,83,60,7.63
255,Kruisfontein,ZA,2022-08-03 23:24:26,-34.0033,24.7314,54.09,95,64,6.35
256,Neyvo-Shaytanskiy,RU,2022-08-03 23:24:26,57.7286,61.2496,54.48,90,6,2.01
257,Xuanzhou,CN,2022-08-03 23:24:27,30.9525,118.7553,85.24,73,0,4.03
258,Taltal,CL,2022-08-03 23:24:27,-25.4,-70.4833,57.81,72,0,5.14
259,Chara,RU,2022-08-03 23:24:28,56.9064,118.2631,64.06,76,100,3.56
260,Praia,CV,2022-08-03 23:24:28,14.9215,-23.5087,79.34,78,75,8.05
261,Poum,NC,2022-08-03 23:21:22,-20.2333,164.0167,75.63,82,5,7.9
262,Sola,VU,2022-08-03 23:24:29,-13.8833,167.55,81.5,73,16,13.73
263,Pimentel,PE,2022-08-03 23:24:29,-6.8367,-79.9342,62.89,77,20,19.57
264,Pangai,TO,2022-08-03 23:22:19,-19.8,-174.35,80.71,78,20,17.27
265,Itaueira,BR,2022-08-03 23:24:30,-7.6033,-43.0256,83.32,45,61,11.32
266,Puerto Ayora,EC,2022-08-03 23:20:19,-0.7393,-90.3518,70.56,84,75,8.99
267,Haverfordwest,GB,2022-08-03 23:24:30,51.8017,-4.9691,62.19,91,100,9.24
268,Mogadishu,SO,2022-08-03 23:23:20,2.0371,45.3438,75.36,84,25,17.22
269,Nabire,ID,2022-08-03 23:20:00,-3.3667,135.4833,78.08,89,100,2.64
270,Beloha,MG,2022-08-03 23:21:25,-25.1667,45.05,62.28,84,0,9.55
271,Kawalu,ID,2022-08-03 23:24:31,-7.3817,108.2082,71.89,97,100,0.81
272,Worthington,US,2022-08-03 23:24:32,40.0931,-83.018,89.65,64,20,13.8
273,Stawell,AU,2022-08-03 23:25:32,-37.05,142.7667,48.69,90,6,10.65
274,Tautira,PF,2022-08-03 23:23:44,-17.7333,-149.15,77.0,80,45,25.64
275,Cozumel,MX,2022-08-03 23:22:44,20.5083,-86.9458,89.67,75,40,8.05
276,Lompoc,US,2022-08-03 23:23:00,34.6391,-120.4579,91.69,68,0,13.8
277,Maceio,BR,2022-08-03 23:25:33,-9.6658,-35.7353,72.84,94,100,8.05
278,San Jose Del Palmar,CO,2022-08-03 23:25:33,4.9742,-76.2283,63.77,99,94,2.28
279,Luganville,VU,2022-08-03 23:25:34,-15.5333,167.1667,83.08,73,24,8.63
280,Huntsville,US,2022-08-03 23:20:36,34.7304,-86.5861,89.13,66,0,7.0
281,Bathsheba,BB,2022-08-03 23:25:34,13.2167,-59.5167,83.01,88,75,19.57
282,Nemuro,JP,2022-08-03 23:25:35,43.3236,145.575,59.65,90,99,10.56
283,Ust-Nera,RU,2022-08-03 23:25:35,64.5667,143.2,70.43,66,53,6.38
284,Shelburne,CA,2022-08-03 23:25:36,44.0787,-80.2041,69.24,98,100,17.83
285,Esperance,AU,2022-08-03 23:25:36,-33.8667,121.9,54.68,67,91,30.04
286,Bad Hofgastein,AT,2022-08-03 23:25:36,47.1667,13.1,63.14,89,4,1.01
287,Padang,ID,2022-08-03 23:25:37,-0.9492,100.3543,75.79,94,100,9.82
288,Encinitas,US,2022-08-03 23:25:37,33.037,-117.292,92.41,70,0,6.91
289,Tyukhtet,RU,2022-08-03 23:25:38,56.5389,89.3011,52.0,89,100,7.09
290,Saint-Agapit,CA,2022-08-03 23:25:38,46.5629,-71.4352,72.88,69,75,2.91
291,Misratah,LY,2022-08-03 23:25:39,32.3754,15.0925,82.11,64,0,8.3
292,Kampot,KH,2022-08-03 23:25:39,10.6167,104.1833,77.05,86,100,3.13
293,Pitelino,RU,2022-08-03 23:25:39,54.5777,41.8145,64.78,79,93,6.33
294,Broome,US,2022-08-03 23:25:40,42.2506,-75.833,87.1,45,0,5.75
295,Hami,CN,2022-08-03 23:25:40,42.8,93.45,81.48,23,0,5.64
296,Concepcion Del Oro,MX,2022-08-03 23:25:41,24.6333,-101.4167,81.61,17,12,12.03
297,Adiake,CI,2022-08-03 23:25:41,5.2863,-3.304,72.46,81,46,9.01
298,Saskylakh,RU,2022-08-03 23:25:41,71.9167,114.0833,48.16,56,100,11.74
299,San Nicolas,PH,2022-08-03 23:25:42,18.1725,120.5953,76.91,94,75,5.75
300,Tual,ID,2022-08-03 23:25:42,-5.6667,132.75,79.39,85,58,15.21
301,Skibbereen,IE,2022-08-03 23:23:43,51.55,-9.2667,55.11,83,12,10.25
302,Aklavik,CA,2022-08-03 23:24:23,68.2191,-135.0107,64.4,59,40,0.0
303,Tofield,CA,2022-08-03 23:25:43,53.3668,-112.6686,69.39,82,100,7.14
304,Rio Gallegos,AR,2022-08-03 23:25:43,-51.6226,-69.2181,37.45,100,75,12.66
305,Maridi,SS,2022-08-03 23:25:44,4.9158,29.4742,67.6,92,65,1.74
306,North Bend,US,2022-08-03 23:25:44,43.4065,-124.2243,74.25,81,0,13.8
307,Gamba,GA,2022-08-03 23:25:45,-2.65,10.0,69.49,89,5,7.31
308,Tiznit,MA,2022-08-03 23:22:24,29.5833,-9.5,85.23,29,80,2.1
309,Kudahuvadhoo,MV,2022-08-03 23:25:45,2.6708,72.8944,80.87,77,97,19.3
310,Haines Junction,CA,2022-08-03 23:25:46,60.7522,-137.5108,64.35,59,100,8.05
311,Bani,DO,2022-08-03 23:25:46,18.2833,-70.3333,82.85,72,69,11.41
312,Beringovskiy,RU,2022-08-03 23:25:46,63.05,179.3167,51.69,80,100,6.98
313,Bokony,HU,2022-08-03 23:25:47,47.7333,21.75,71.26,49,21,8.23
314,Clyde River,CA,2022-08-03 23:25:47,70.4692,-68.5914,39.43,100,100,14.97
315,Dalbandin,PK,2022-08-03 23:24:11,28.8947,64.4101,86.56,18,0,3.78
316,Ekhabi,RU,2022-08-03 23:25:48,53.5102,142.9671,57.16,94,100,13.33
317,San Cristobal,VE,2022-08-03 23:25:48,7.7669,-72.225,75.38,92,97,1.5
318,Eirunepe,BR,2022-08-03 23:25:48,-6.6603,-69.8736,81.05,67,96,2.06
319,Katsuura,JP,2022-08-03 23:25:49,35.1333,140.3,75.22,91,94,16.6
320,Muisne,EC,2022-08-03 23:25:49,0.6,-80.0333,73.9,85,100,10.87
321,Bonavista,CA,2022-08-03 23:26:50,48.6499,-53.1147,65.16,94,75,4.32
322,Bosobolo,CD,2022-08-03 23:26:50,4.1833,19.9,69.82,96,58,1.88
323,West Bay,KY,2022-08-03 23:26:50,19.3667,-81.4167,87.08,76,20,6.91
324,Lodeynoye Pole,RU,2022-08-03 23:26:51,60.726,33.5531,56.82,95,72,4.61
325,College,US,2022-08-03 23:26:51,64.8569,-147.8028,74.07,44,75,5.75
326,Baturaja,ID,2022-08-03 23:26:52,-4.1333,104.1667,72.25,98,98,1.9
327,Kolondieba,ML,2022-08-03 23:26:52,11.0882,-6.8926,74.59,86,96,5.37
328,Shilovo,RU,2022-08-03 23:26:53,54.3204,40.874,66.24,73,98,7.49
329,Pundaguitan,PH,2022-08-03 23:26:53,6.3711,126.1689,81.99,76,100,3.96
330,Bukama,CD,2022-08-03 23:26:53,-9.2,25.85,71.65,36,1,2.48
331,Maldonado,UY,2022-08-03 23:26:54,-34.6667,-54.9167,51.22,95,100,3.58
332,Baglan,AF,2022-08-03 23:26:54,36.1307,68.7083,78.33,30,34,0.69
333,Bonnyville,CA,2022-08-03 23:26:55,54.2668,-110.735,66.0,94,100,6.38
334,Polson,US,2022-08-03 23:26:55,47.6936,-114.1632,90.72,18,0,11.01
335,Ibadan,NG,2022-08-03 23:26:56,7.3878,3.8964,70.74,89,85,4.12
336,Balkanabat,TM,2022-08-03 23:26:56,39.5108,54.3671,90.41,20,13,8.08
337,Dunedin,NZ,2022-08-03 23:26:57,-45.8742,170.5036,48.79,79,100,5.99
338,Olafsvik,IS,2022-08-03 23:26:57,64.8945,-23.7142,48.02,70,30,10.98
339,Tshikapa,CD,2022-08-03 23:26:58,-6.4167,20.8,79.66,45,61,2.28
340,Mao,ES,2022-08-03 23:26:58,39.8885,4.2658,77.56,78,0,0.0
341,Grindavik,IS,2022-08-03 23:26:57,63.8424,-22.4338,48.15,76,40,13.8
342,Boddam,GB,2022-08-03 23:26:59,57.4667,-1.7833,54.48,88,100,11.79
343,Cidreira,BR,2022-08-03 23:26:59,-30.1811,-50.2056,62.4,93,82,18.79
344,Dikson,RU,2022-08-03 23:27:00,73.5069,80.5464,43.12,98,100,9.62
345,Port Hawkesbury,CA,2022-08-03 23:27:00,45.6169,-61.3485,72.88,86,40,4.0
346,Mercedes,AR,2022-08-03 23:27:00,-34.6515,-59.4307,55.04,89,58,6.04
347,Gelgaudiskis,LT,2022-08-03 23:27:01,55.0792,22.9758,59.22,80,6,7.34
348,Huarmey,PE,2022-08-03 23:27:01,-10.0681,-78.1522,64.13,81,18,11.77
349,Taseyevo,RU,2022-08-03 23:27:02,57.2169,94.8978,52.43,89,87,4.88
350,Edson,CA,2022-08-03 23:23:31,53.5835,-116.4356,60.94,77,100,3.44
351,Chippewa Falls,US,2022-08-03 23:27:02,44.9369,-91.3929,86.18,47,0,17.27
352,Jhargram,IN,2022-08-03 23:27:03,22.45,86.9833,80.17,85,100,5.17
353,Kaeo,NZ,2022-08-03 23:27:03,-35.1,173.7833,58.32,96,25,7.54
354,Riachao,BR,2022-08-03 23:27:03,-7.3619,-46.6172,81.09,36,93,4.68
355,Severo-Kurilsk,RU,2022-08-03 23:27:04,50.6789,156.125,55.45,80,41,6.82
356,Tartagal,AR,2022-08-03 23:27:04,-22.5164,-63.8013,63.09,72,69,3.49
357,Vardo,NO,2022-08-03 23:27:05,70.3705,31.1107,51.78,100,100,2.3
358,Baraki Barak,AF,2022-08-03 23:27:05,33.9675,68.9486,72.3,38,16,3.0
359,Dodoma,TZ,2022-08-03 23:27:06,-6.1722,35.7395,63.03,64,0,10.63
360,Manakara,MG,2022-08-03 23:27:06,-22.1333,48.0167,67.03,81,98,3.78
361,Christchurch,NZ,2022-08-03 23:25:05,-43.5333,172.6333,56.48,71,100,6.91
362,West Fargo,US,2022-08-03 23:27:07,46.875,-96.9004,73.45,57,75,6.91
363,Winsum,NL,2022-08-03 23:27:07,53.33,6.5208,70.11,86,10,8.16
364,Liusha,CN,2022-08-03 23:27:07,27.2098,108.59,73.38,85,57,1.32
365,Boende,CD,2022-08-03 23:27:08,-0.2167,20.8667,72.05,88,43,2.15
366,Port-Gentil,GA,2022-08-03 23:28:08,-0.7193,8.7815,73.36,88,20,8.05
367,Mantua,IT,2022-08-03 23:28:09,45.1667,10.7833,79.84,72,0,1.99
368,Terrace,CA,2022-08-03 23:26:32,54.5163,-128.6035,57.11,94,100,4.61
369,Abu Samrah,SY,2022-08-03 23:28:09,35.3029,37.1841,79.32,49,0,6.78
370,Celestun,MX,2022-08-03 23:28:10,20.8667,-90.4,83.84,73,8,16.11
371,Nikel,RU,2022-08-03 23:28:10,69.4128,30.222,55.58,81,83,7.72
372,Kabompo,ZM,2022-08-03 23:28:10,-13.5927,24.2008,60.64,41,0,6.24
373,Berbera,SO,2022-08-03 23:28:11,10.4396,45.0143,92.77,38,58,19.8
374,Chenghai,CN,2022-08-03 23:28:11,23.4632,116.768,78.71,94,75,6.71
375,Paris,FR,2022-08-03 23:23:42,48.8534,2.3488,79.3,60,0,10.36
376,Banda Aceh,ID,2022-08-03 23:28:12,5.5577,95.3222,79.14,68,100,12.15
377,Balotra,IN,2022-08-03 23:28:12,25.8333,72.2333,86.31,64,100,8.16
378,Biloela,AU,2022-08-03 23:28:13,-24.4167,150.5,66.02,70,5,7.7
379,Kirakira,SB,2022-08-03 23:28:13,-10.4544,161.9205,83.77,72,8,9.48
380,Ponta Do Sol,PT,2022-08-03 23:28:14,32.6667,-17.1,70.72,81,2,8.32
381,Chimore,BO,2022-08-03 23:28:14,-16.9833,-65.1333,78.28,65,72,2.93
382,Turhal,TR,2022-08-03 23:28:14,40.3875,36.0811,65.3,95,18,3.27
383,Coquimbo,CL,2022-08-03 23:28:15,-29.9533,-71.3436,53.33,87,20,3.44
384,Egvekinot,RU,2022-08-03 23:28:15,66.3167,-179.1667,54.16,65,56,6.26
385,Bihar,RO,2022-08-03 23:28:16,47.15,21.9167,71.37,64,55,6.91
386,Labytnangi,RU,2022-08-03 23:28:16,66.6572,66.4183,57.7,66,10,4.63
387,Ixtapa,MX,2022-08-03 23:28:16,20.7,-105.2,84.22,61,100,6.91
388,Linqiong,CN,2022-08-03 23:28:17,30.4159,103.4609,76.82,89,39,1.48
389,Zhengjiatun,CN,2022-08-03 23:28:17,43.5064,123.5064,76.93,94,43,11.25
390,Lichinga,MZ,2022-08-03 23:28:18,-13.3128,35.2406,57.29,88,0,9.22
391,Milton Keynes,GB,2022-08-03 23:26:22,52.0417,-0.7558,64.78,72,8,7.74
392,Wyndham,US,2022-08-03 23:28:18,37.6985,-77.6125,91.87,61,0,4.61
393,Talnakh,RU,2022-08-03 23:28:19,69.4865,88.3972,54.21,57,12,4.38
394,Mount Gambier,AU,2022-08-03 23:28:19,-37.8333,140.7667,50.09,82,17,11.92
395,Grand Gaube,MU,2022-08-03 23:28:19,-20.0064,57.6608,68.4,67,99,17.11
396,Kathu,TH,2022-08-03 23:28:20,7.9178,98.3332,82.74,78,100,9.95
397,Nurobod,UZ,2022-08-03 23:28:20,40.9056,69.8023,73.22,37,7,2.59
398,Karratha,AU,2022-08-03 23:28:21,-20.7377,116.8463,62.22,70,3,10.89
399,Colares,PT,2022-08-03 23:28:21,38.7992,-9.4469,69.3,73,10,28.99
400,Moussoro,TD,2022-08-03 23:28:21,13.6408,16.4901,82.24,62,37,11.05
401,Belle Fourche,US,2022-08-03 23:28:22,44.6714,-103.8522,93.51,21,16,11.3
402,Klaksvik,FO,2022-08-03 23:28:22,62.2266,-6.589,49.12,82,75,14.54
403,Phalombe,MW,2022-08-03 23:28:23,-15.8064,35.6507,58.08,86,3,2.21
404,Barra Do Corda,BR,2022-08-03 23:28:23,-5.5,-45.25,81.46,44,72,3.56
405,San Pedro,PH,2022-08-03 23:28:23,14.35,121.0167,82.31,82,75,2.3
406,Atar,MR,2022-08-03 23:28:24,20.5169,-13.0499,92.93,32,9,9.91
407,Pennadam,IN,2022-08-03 23:28:24,11.4,79.2333,77.68,86,99,12.77
408,Puerto Ayacucho,VE,2022-08-03 23:28:25,5.6639,-67.6236,78.1,82,42,2.04
409,Bodden Town,KY,2022-08-03 23:28:25,19.2833,-81.25,87.01,73,20,6.91
410,Takoradi,GH,2022-08-03 23:28:25,4.8845,-1.7554,72.39,82,19,8.61
411,Ossora,RU,2022-08-03 23:28:26,59.2353,163.0719,61.45,71,97,3.74
412,Ranong,TH,2022-08-03 23:28:26,9.9658,98.6348,76.93,90,99,9.69
413,Kuragino,RU,2022-08-03 23:28:27,53.8975,92.6725,55.15,65,100,2.55
414,Thompson,CA,2022-08-03 23:28:27,55.7435,-97.8558,62.76,48,75,9.22
415,Hirschaid,DE,2022-08-03 23:29:28,49.8194,10.9908,74.28,59,15,3.36
416,Paamiut,GL,2022-08-03 23:29:28,61.994,-49.6678,47.21,93,100,34.02
417,Bar Bigha,IN,2022-08-03 23:29:28,25.2167,85.7333,83.05,76,100,6.29
418,Port Pirie,AU,2022-08-03 23:29:29,-33.1833,138.0167,58.48,55,17,17.72
419,Yulara,AU,2022-08-03 23:29:29,-25.2406,130.9889,57.13,45,69,7.47
420,Broken Hill,AU,2022-08-03 23:29:30,-31.95,141.4333,62.1,81,66,18.86
421,Nishihara,JP,2022-08-03 23:29:30,26.1842,127.7558,85.68,82,40,9.22
422,Waipawa,NZ,2022-08-03 23:29:30,-41.4122,175.5153,53.6,71,100,8.66
423,Markala,ML,2022-08-03 23:29:31,13.7021,-6.0659,74.77,81,97,8.08
424,Mandalgovi,MN,2022-08-03 23:29:31,45.7625,106.2708,59.79,79,0,13.44
425,Grants,US,2022-08-03 23:29:32,35.1473,-107.8514,89.83,17,0,5.75
426,Punaauia,PF,2022-08-03 23:29:32,-17.6333,-149.6,83.84,61,75,3.44
427,Bilma,NE,2022-08-03 23:25:44,18.6853,12.9164,88.7,42,38,4.94
428,General Pico,AR,2022-08-03 23:29:33,-35.6566,-63.7568,54.34,63,72,6.62
429,Dongsheng,CN,2022-08-03 23:29:33,39.8161,109.9776,74.75,63,60,12.55
430,Roald,NO,2022-08-03 23:29:33,62.5833,6.1333,62.17,94,100,9.22
431,Grootfontein,NA,2022-08-03 23:29:34,-19.5667,18.1167,60.3,13,13,7.85
432,Baoding,CN,2022-08-03 23:29:34,38.8511,115.4903,82.53,81,40,2.26
433,Luau,AO,2022-08-03 23:29:34,-10.7073,22.2247,71.15,31,84,4.14
434,Monze,ZM,2022-08-03 23:29:35,-16.2833,27.4833,57.83,65,0,4.23
435,Srivardhan,IN,2022-08-03 23:29:35,18.0333,73.0167,80.46,84,100,4.0
436,Innisfail,AU,2022-08-03 23:29:36,-17.5333,146.0333,71.42,87,100,4.5
437,Santa Maria,BR,2022-08-03 23:28:15,-29.6842,-53.8069,63.7,100,75,8.05
438,Saint-Augustin,CA,2022-08-03 23:29:36,51.226,-58.6502,62.4,83,14,10.42
439,Belmonte,BR,2022-08-03 23:29:37,-15.8631,-38.8828,70.43,76,0,7.2
440,Shizuishan,CN,2022-08-03 23:29:37,39.2333,106.7694,81.63,53,41,3.4
441,Luangwa,ZM,2022-08-03 23:29:38,-15.6167,30.4167,68.31,66,83,3.62
442,Listvyagi,RU,2022-08-03 23:29:38,53.6772,86.951,48.33,87,6,3.0
443,Carlyle,US,2022-08-03 23:29:38,38.6103,-89.3726,87.26,67,84,4.0
444,Kavaratti,IN,2022-08-03 23:29:39,10.5669,72.642,77.25,89,100,34.27
445,Balikpapan,ID,2022-08-03 23:29:39,-1.2675,116.8289,76.19,100,75,3.44
446,Xingtai,CN,2022-08-03 23:29:40,37.0631,114.4942,82.89,77,0,5.1
447,Katobu,ID,2022-08-03 23:29:40,-4.9408,122.5276,74.23,88,47,2.19
448,Trairi,BR,2022-08-03 23:26:14,-3.2778,-39.2689,76.82,81,39,9.62
449,Dingle,PH,2022-08-03 23:29:41,10.9995,122.6711,78.08,90,100,1.99
450,Mayumba,GA,2022-08-03 23:29:41,-3.432,10.6554,70.52,84,48,8.59
451,Kautokeino,NO,2022-08-03 23:29:41,69.0125,23.0412,53.26,98,100,12.66
452,Petropavlovsk-Kamchatskiy,RU,2022-08-03 23:29:42,53.0452,158.6483,63.19,68,20,6.71
453,Zhezkazgan,KZ,2022-08-03 23:29:42,47.8043,67.7144,67.44,70,100,12.64
454,Ambon,ID,2022-08-03 23:29:43,-3.6954,128.1814,80.74,83,40,3.44
455,Camacha,PT,2022-08-03 23:29:43,33.0833,-16.3333,67.42,73,75,11.5
456,Bartlesville,US,2022-08-03 23:29:44,36.7473,-95.9808,101.95,39,0,11.5
457,Huangzhai,CN,2022-08-03 23:29:44,38.0751,112.6595,75.61,74,3,1.48
458,Kargopol,RU,2022-08-03 23:29:44,61.5071,38.9456,55.76,86,57,3.87
459,Billings,US,2022-08-03 23:29:43,45.7833,-108.5007,97.66,15,20,13.0
460,Nador,MA,2022-08-03 23:29:45,35.174,-2.9287,79.05,89,0,8.05
461,Emerald,AU,2022-08-03 23:28:18,-23.5333,148.1667,62.74,100,100,5.75
462,Menongue,AO,2022-08-03 23:30:46,-14.6585,17.691,60.12,47,18,0.74
463,Bubaque,GW,2022-08-03 23:30:46,11.2833,-15.8333,79.43,83,100,10.45
464,Gboko,NG,2022-08-03 23:30:47,7.3179,8.9951,72.7,86,86,11.5
465,Gunjur,GM,2022-08-03 23:30:47,13.2019,-16.7339,77.07,94,75,0.0
466,Mwinilunga,ZM,2022-08-03 23:30:48,-11.7358,24.4293,61.16,42,0,6.13
467,Hanstholm,DK,2022-08-03 23:30:48,57.1167,8.6167,59.63,91,6,10.25
468,Moindou,NC,2022-08-03 23:30:48,-21.6924,165.677,76.53,76,51,7.47
469,Fairbanks,US,2022-08-03 23:28:22,64.8378,-147.7164,74.08,45,40,5.75
470,Xinzhi,CN,2022-08-03 23:30:49,36.4989,111.7047,84.49,65,2,1.7
471,Kedrovyy,RU,2022-08-03 23:30:50,56.1667,91.8167,52.21,89,89,5.57
472,Choix,MX,2022-08-03 23:30:50,26.7092,-108.3219,93.29,45,11,4.23
473,Sonoita,MX,2022-08-03 23:30:51,31.85,-112.8333,98.04,29,50,15.37
474,Gusinoye Ozero,RU,2022-08-03 23:30:51,51.1144,106.2614,64.08,81,100,3.71
475,Husavik,IS,2022-08-03 23:30:52,66.0449,-17.3389,43.84,97,100,15.46
476,Masoko,TZ,2022-08-03 23:30:52,-9.3333,33.75,59.16,86,8,3.58
477,Huesca,ES,2022-08-03 23:30:53,42.1362,-0.4087,75.88,64,0,8.05
478,Aktash,RU,2022-08-03 23:30:53,50.3,87.7333,43.99,94,33,2.98
479,Kastamonu,TR,2022-08-03 23:30:53,41.5,33.6667,58.6,94,20,0.96
480,Gazanjyk,TM,2022-08-03 23:30:54,39.2446,55.5154,86.43,22,4,9.24
481,Sidney,AU,2022-08-03 23:26:04,-33.8679,151.2073,68.36,68,0,18.41
482,Red Bluff,US,2022-08-03 23:27:48,40.1785,-122.2358,108.52,18,0,6.91
483,Alofi,NU,2022-08-03 23:30:55,-19.0595,-169.9187,78.69,73,37,20.71
484,Alibag,IN,2022-08-03 23:30:55,18.6411,72.8792,82.47,83,100,2.71
485,Batemans Bay,AU,2022-08-03 23:26:41,-35.7167,150.1833,65.1,74,82,11.52
486,Ahipara,NZ,2022-08-03 23:30:56,-35.1667,173.1667,63.1,70,2,2.39
487,Forestville,US,2022-08-03 23:30:56,38.8451,-76.875,90.46,57,0,10.36
488,Sarab,IR,2022-08-03 23:30:57,38.6066,44.9883,74.34,54,0,3.44
489,Voyvozh,RU,2022-08-03 23:30:57,62.892,54.9635,61.77,69,96,5.44
490,Portland,US,2022-08-03 23:30:04,45.5234,-122.6762,90.52,35,20,11.5
491,Houston,US,2022-08-03 23:28:59,29.7633,-95.3633,97.41,56,0,21.85
492,Peachland,CA,2022-08-03 23:26:38,49.7665,-119.7357,94.77,22,100,1.99
493,Aykhal,RU,2022-08-03 23:30:58,66.0,111.5,39.29,97,100,25.32
494,Port Jervis,US,2022-08-03 23:28:33,41.3751,-74.6927,87.35,61,0,6.26
495,Kochi,IN,2022-08-03 23:30:25,9.9399,76.2602,75.18,98,100,20.42
496,Terra Santa,BR,2022-08-03 23:31:00,-2.1042,-56.4869,77.94,72,38,4.61
497,Hirado,JP,2022-08-03 23:31:00,33.3597,129.5531,87.39,85,88,7.78
498,Okmulgee,US,2022-08-03 23:31:01,35.6234,-95.9605,103.84,29,0,10.36
499,Caravelas,BR,2022-08-03 23:31:01,-17.7125,-39.2481,69.69,74,65,6.13
500,Schio,IT,2022-08-03 23:31:02,45.7124,11.3574,78.73,61,1,1.01
501,Forrest City,US,2022-08-03 23:31:02,35.0081,-90.7898,88.57,62,3,5.91
502,Mikkeli,FI,2022-08-03 23:32:03,61.6886,27.2723,60.91,82,0,8.05
503,Pilot Butte,CA,2022-08-03 23:32:04,50.4668,-104.4178,69.53,60,75,8.05
504,Sao Felix Do Xingu,BR,2022-08-03 23:32:04,-6.6447,-51.995,77.4,43,35,1.12
505,Shache,CN,2022-08-03 23:32:05,38.4167,77.2406,70.05,62,100,4.45
506,Alexandria,EG,2022-08-03 23:29:01,31.2156,29.9553,76.96,73,0,6.91
507,Miranda De Ebro,ES,2022-08-03 23:32:05,42.6865,-2.947,68.45,89,45,3.11
508,Hofn,IS,2022-08-03 23:27:22,64.2539,-15.2082,48.25,74,80,17.69
509,Savonlinna,FI,2022-08-03 23:32:06,61.8699,28.88,60.85,82,75,8.05
510,Avanigadda,IN,2022-08-03 23:32:06,16.0215,80.9181,80.28,85,100,2.51
511,Le Port,RE,2022-08-03 23:32:06,-20.9373,55.2919,67.96,82,57,4.99
512,Airai,TL,2022-08-03 23:32:07,-8.9266,125.4092,64.78,54,95,3.11
513,Sept-Iles,CA,2022-08-03 23:32:07,50.2001,-66.3821,66.2,49,75,6.91
514,Corpus Christi,US,2022-08-03 23:29:36,27.8006,-97.3964,93.43,67,0,29.93
515,Strezhevoy,RU,2022-08-03 23:32:08,60.7333,77.5889,52.5,69,64,5.39
516,Guerrero Negro,MX,2022-08-03 23:32:09,27.9769,-114.0611,76.26,66,18,18.19
517,Phangnga,TH,2022-08-03 23:32:09,8.4509,98.5298,75.24,95,100,2.73
518,Manzanillo,CU,2022-08-03 23:32:09,20.3433,-77.1167,75.33,90,57,8.9
519,Dunmore,US,2022-08-03 23:32:10,41.4198,-75.6324,83.79,48,2,1.01
520,Matamoros,MX,2022-08-03 23:27:44,25.5333,-103.25,96.91,19,75,12.66
521,Oussouye,SN,2022-08-03 23:32:11,12.485,-16.5469,78.89,90,100,2.44
522,Totness,SR,2022-08-03 23:32:11,5.8833,-56.3167,79.32,86,91,11.72
523,Veraval,IN,2022-08-03 23:32:11,20.9,70.3667,81.32,82,75,4.88
524,Harpanahalli,IN,2022-08-03 23:32:12,14.8,75.9833,72.93,91,100,4.79
525,Kamaishi,JP,2022-08-03 23:32:12,39.2667,141.8833,70.36,85,88,6.42
526,College Place,US,2022-08-03 23:27:34,46.0493,-118.3883,100.38,27,0,9.22
527,Hokitika,NZ,2022-08-03 23:32:13,-42.7167,170.9667,53.53,73,71,5.17
528,Nerja,ES,2022-08-03 23:30:15,36.7585,-3.8873,82.71,63,0,4.0
529,Bay Roberts,CA,2022-08-03 23:32:14,47.5999,-53.2648,71.51,91,57,8.99
530,Shu,KZ,2022-08-03 23:32:14,43.5983,73.7614,67.96,70,24,7.14
531,Gravdal,NO,2022-08-03 23:32:15,68.1214,13.5031,55.92,94,98,13.4
532,Ambilobe,MG,2022-08-03 23:32:15,-13.2,49.05,61.75,88,0,4.16
533,Maniitsoq,GL,2022-08-03 23:32:16,65.4167,-52.9,45.91,97,100,10.45
534,Svetlogorsk,BY,2022-08-03 23:32:16,52.6333,29.7333,61.32,97,53,6.31
535,Placido De Castro,BR,2022-08-03 23:32:17,-10.3353,-67.1856,84.79,46,70,2.44
536,Port Hardy,CA,2022-08-03 23:29:32,50.6996,-127.4199,55.58,100,75,5.75
537,Pangnirtung,CA,2022-08-03 23:32:17,66.1451,-65.7125,47.28,74,100,1.81
538,Maues,BR,2022-08-03 23:32:18,-3.3836,-57.7186,78.31,77,100,2.57
539,Mayna,RU,2022-08-03 23:32:18,54.1135,47.6231,61.07,86,28,4.03
540,Vytegra,RU,2022-08-03 23:32:19,61.0064,36.4481,58.26,87,88,3.65
541,Ancud,CL,2022-08-03 23:32:20,-41.8697,-73.8203,42.22,82,87,6.4
542,Aksay,RU,2022-08-03 23:32:20,47.26,39.87,70.25,75,38,1.99
543,Kieta,PG,2022-08-03 23:32:21,-6.2167,155.6333,83.91,70,81,6.51
544,Kununurra,AU,2022-08-03 23:32:21,-15.7667,128.7333,67.98,83,77,0.0
545,Korla,CN,2022-08-03 23:32:22,41.7597,86.1469,81.23,29,3,6.44
546,Naze,JP,2022-08-03 23:32:22,28.3667,129.4833,81.52,80,77,3.0
